<?xml version='1.0' encoding='UTF-8'?>
<faces-config version="2.2"
              xmlns="http://xmlns.jcp.org/xml/ns/javaee"
              xmlns:xsi="http://www.w3.org/2001/XMLSchema-instance"
              xsi:schemaLocation="http://xmlns.jcp.org/xml/ns/javaee http://xmlns.jcp.org/xml/ns/javaee/web-facesconfig_2_2.xsd">
    <managed-bean>
        <managed-bean-name>ficha</managed-bean-name>
        <managed-bean-class>ficha</managed-bean-class>
        <managed-bean-scope>request</managed-bean-scope>
    </managed-bean>
    <navigation-rule>
        <from-view-id>/index.jsp</from-view-id>
        <navigation-case>
            <from-outcome>welcome</from-outcome>
            <to-view-id>/saludo.jsp</to-view-id>
        </navigation-case>
    </navigation-rule>
</faces-config>
